<?xml version="1.0" encoding="UTF-8"?>
<project-private xmlns="http://www.netbeans.org/ns/project-private/1">
    <editor-bookmarks xmlns="http://www.netbeans.org/ns/editor-bookmarks/2" lastBookmarkId="0"/>
    <open-files xmlns="http://www.netbeans.org/ns/projectui-open-files/2">
        <group>
            <file>file:/D:/Assignment%20sem%201/Java%20question/assignment%20sem%201/src/assignment/sem/pkg1/Customer.java</file>
            <file>file:/D:/Assignment%20sem%201/Java%20question/assignment%20sem%201/src/assignment/sem/pkg1/Technician_modify.java</file>
            <file>file:/D:/Assignment%20sem%201/Java%20question/assignment%20sem%201/src/assignment/sem/pkg1/Manager_Edit.java</file>
            <file>file:/D:/Assignment%20sem%201/Java%20question/assignment%20sem%201/src/assignment/sem/pkg1/Main.java</file>
            <file>file:/D:/Assignment%20sem%201/Java%20question/assignment%20sem%201/src/assignment/sem/pkg1/Payment.java</file>
            <file>file:/D:/Assignment%20sem%201/Java%20question/assignment%20sem%201/src/assignment/sem/pkg1/AppointmentManagement.java</file>
        </group>
    </open-files>
</project-private>
